snowball_id,seed_candidate,seed_doi,direction,method,status,yield_summary,coverage_boundary,next_action
B004-SNOW-001,PC-CAND-0024,10.1049/iet-pel.2015.0923,BACKWARD,"publisher/reference-chain review",PARTIAL,"Prior high-gain CI/SC and quasi-resonant families remain relevant; no claim of exhaustive reference screening","References were not all individually screened against the frozen inclusion contract","Complete reference-by-reference screening and dedup against canonical register"
B004-SNOW-002,PC-CAND-0027,10.1038/s41598-024-78739-y,BACKWARD,"publisher full-text reference table",PARTIAL,"Comparison table and references expose single-switch, two-switch, soft-switching and common-ground comparators","Only topology-relevant subset inspected in this pass","Traverse all cited primary hardware papers with reason codes"
B004-SNOW-003,PC-CAND-0028,10.1038/s41598-025-17301-w,BACKWARD,"publisher full-text references and related-paper chain",PARTIAL,"Recent 2024-2025 trans-inverse, TWCI and soft-switching families identified","Not all references individually admitted/excluded","Run canonical DOI dedup and inclusion screening on every hardware reference"
B004-SNOW-004,PC-CAND-0030,10.1049/iet-pel.2015.0870,BACKWARD,"publisher full text + citation metadata",PARTIAL,"Core active-clamp/high-step-up families confirmed; source metadata reports a substantial reference set","No exhaustive reference-by-reference screening performed","Screen all references; prioritize same-scale experimental hardware"
B004-SNOW-005,B004-CAND-0001,10.1109/OJPEL.2025.3554381,BACKWARD,"institutional final-version references",PARTIAL,"References identify multiple single-switch soft-switching high-step-up designs without extra active switches","Reference traversal incomplete","Audit references 13-18 and dedup against existing batches"
B004-SNOW-006,PC-CAND-0024,10.1049/iet-pel.2015.0923,FORWARD,"exact DOI web/citation-string search",PARTIAL,"Search mostly rediscovered seed/author-hosted copies; no exhaustive citer graph established","Search-engine DOI matching is not a complete forward-citation index","Use a citation-graph provider or OpenAlex citer relation in next pass"
B004-SNOW-007,PC-CAND-0027,10.1038/s41598-024-78739-y,FORWARD,"exact DOI web/citation-string search",PARTIAL,"Seed/PMC/metadata copies found; exhaustive citing-paper set not established","Forward coverage incomplete","Use citation-graph provider and screen citing papers by frozen contract"
B004-SNOW-008,PC-CAND-0028,10.1038/s41598-025-17301-w,FORWARD,"exact DOI web/citation-string search",PARTIAL,"Recent related hardware family is still expanding, but exact citer set was not established","Forward coverage incomplete","Use citation-graph provider and screen all citers"
B004-SNOW-009,PC-CAND-0030,10.1049/iet-pel.2015.0870,FORWARD,"exact DOI web/citation metadata",PARTIAL,"Citation metadata confirms substantial later use; exact citer list was not exhaustively screened","Forward coverage incomplete","Retrieve full citer graph; dedup and reason-code screen"
