source_id,doi,record_or_seed,source_type,legal_access_role,status,notes
B004-SRC-001,10.1049/iet-pel.2015.0870,PC-CAND-0030,Wiley/IET publisher full text,claim_critical_fulltext,VERIFIED,"Used to close structure, duty, turns ratio, diode-stress context, ZVS and existing efficiency descriptor."
B004-SRC-002,10.1049/iet-pel.2015.0923,PC-CAND-0024,Wiley/IET publisher/author-accessible full text,core_reextraction,VERIFIED,"Used for same-model consistency re-read only; existing bounded L5 stress retained."
B004-SRC-003,10.1038/s41598-024-78739-y,PC-CAND-0027,Scientific Reports/PMC full text,core_reextraction,VERIFIED,"Used for structure/comparison context and existing L5 consistency check."
B004-SRC-004,10.1038/s41598-025-17301-w,PC-CAND-0028,Scientific Reports full text,core_reextraction_and_backward_map,VERIFIED,"Used for core consistency and recent-family reference mapping."
B004-SRC-005,10.1109/OJPEL.2025.3554381,B004-CAND-0001,TU Delft institutional/final-version record,counterexample_fulltext_path,VERIFIED_QUALITATIVE,"Supports single-switch soft switching, continuous input, common ground, and no additional active switch/magnetic core for lossless snubber. Numeric stress not promoted in this batch."
B004-SRC-006,10.1049/pel2.70039,B004-CAND-0002,Wiley/IET open-access full text,new_direct_scale_candidate,VERIFIED_WITH_SOURCE_CONTRADICTION,"Experimental section and conclusion give conflicting Vin values (40 V vs 30 V); contradiction is preserved and blocks numeric promotion."
B004-SRC-007,10.1155/etep/9317966,B004-CAND-0003,Wiley open-access full text,new_boundary_candidate,VERIFIED_CONTEXT,"Supports 48-to-400 V, 200 W, 100 kHz, single-switch/common-ground/continuous-input boundary context. Stress remains analytical/nominal until waveform-locked."
B004-SRC-008,,tool_route,Firecrawl MCP,search_executor,BLOCKED_HTTP_402,"Firecrawl search failed with HTTP 402 in this pass; no coverage claim is based on a successful Firecrawl result."
B004-SRC-009,,tool_route,Sider Scholar/OpenAlex,scholarly_metadata_search,PARTIAL,"Broad search returned useful map records; exact DOI lookup failed for some seeds, so it was not treated as complete citation-graph coverage."
